{
  "arch": "photon",
  "run_name": "ph_a03",
  "n_params": 36307840,
  "eval_seq_len": 1024,
  "fineweb_val_loss": 4.2841545157229906,
  "fineweb_val_ppl": 72.54118835045539,
  "wikitext_loss": 5.798142655117734,
  "wikitext_ppl": 329.6866490820282
}